{"name":"9f2cec6a-0ca5-45b1-b045-ae6c6188d0dc","id":"/providers/Microsoft.Flow/flows/9f2cec6a-0ca5-45b1-b045-ae6c6188d0dc","type":"Microsoft.Flow/flows","properties":{"apiId":"/providers/Microsoft.PowerApps/apis/shared_logicflows","displayName":"Calender Invite","definition":{"metadata":{"workflowEntityId":null,"processAdvisorMetadata":null,"flowChargedByPaygo":null,"flowclientsuspensionreason":"None","flowclientsuspensiontime":null,"flowclientsuspensionreasondetails":null,"creator":{"id":"bf5e38a4-a749-4909-9f29-d907890154ca","type":"User","tenantId":"b4c85df2-2c41-4123-9957-f3c8a360f511"},"provisioningMethod":"FromDefinition","failureAlertSubscription":true,"clientLastModifiedTime":"2025-10-16T05:59:12.3875468Z","connectionKeySavedTimeKey":"2025-10-16T05:59:12.3875468Z","creationSource":"Portal","modifiedSources":"Portal"},"$schema":"https://schema.management.azure.com/providers/Microsoft.Logic/schemas/2016-06-01/workflowdefinition.json#","contentVersion":"1.0.0.0","parameters":{"$authentication":{"defaultValue":{},"type":"SecureObject"},"$connections":{"defaultValue":{},"type":"Object"}},"triggers":{"When_an_item_is_created":{"recurrence":{"frequency":"Minute","interval":1},"splitOn":"@triggerOutputs()?['body/value']","type":"OpenApiConnection","inputs":{"parameters":{"dataset":"https://ngkfcs.sharepoint.com/teams/EmployeeInformation","table":"924b1b8b-e819-4a04-8509-6db06bf66cbf"},"host":{"apiId":"/providers/Microsoft.PowerApps/apis/shared_sharepointonline","connectionName":"shared_sharepointonline","operationId":"GetOnNewItems"},"authentication":"@parameters('$authentication')"}}},"actions":{"Get_user_profile_(V2)":{"runAfter":{},"type":"OpenApiConnection","inputs":{"parameters":{"id":"@triggerBody()?['BookedBy']"},"host":{"apiId":"/providers/Microsoft.PowerApps/apis/shared_office365users","connectionName":"shared_office365users","operationId":"UserProfile_V2"},"authentication":"@parameters('$authentication')"}},"Create_event_(V4)":{"runAfter":{"Get_user_profile_(V2)":["Succeeded"]},"type":"OpenApiConnection","inputs":{"parameters":{"table":"AAMkADUwZmZhNWNlLTA2NjQtNDFlOS1hZmVhLTQ2YWI3YTViNmMwZABGAAAAAAC89pxrwvClSrJbBd9PleBhBwCOuWPRzmkeS5HtFxlyLqQeAAAAAAEGAACOuWPRzmkeS5HtFxlyLqQeAAACLF1EAAA=","item/subject":"Room Booking","item/start":"@convertTimeZone(triggerBody()?['Date'], 'UTC', 'India Standard Time', 'yyyy-MM-ddTHH:mm:ss')\r\n","item/end":"@convertTimeZone(triggerBody()?['Date'], 'UTC', 'India Standard Time', 'yyyy-MM-ddTHH:mm:ss')\r\n","item/timeZone":"(UTC+05:30) Chennai, Kolkata, Mumbai, New Delhi","item/body":"<p class=\"editor-paragraph\">Hello @{outputs('Get_user_profile_(V2)')?['body/displayName']},</p><p class=\"editor-paragraph\"><br>Your room booking has been confirmed.<br>📍 Location: @{triggerBody()?['Location/Value']}<br>🏠 Room: @{triggerBody()?['Room/Value']}<br>📅 Date: @{triggerBody()?['Date']}</p><br>","item/reminderMinutesBeforeStart":15,"item/isReminderOn":true},"host":{"apiId":"/providers/Microsoft.PowerApps/apis/shared_office365","connectionName":"shared_office365","operationId":"V4CalendarPostItem"},"authentication":"@parameters('$authentication')"}},"Send_an_email_(V2)":{"runAfter":{"Create_event_(V4)":["Succeeded"]},"type":"OpenApiConnection","inputs":{"parameters":{"emailMessage/To":"@outputs('Get_user_profile_(V2)')?['body/mail']","emailMessage/Subject":"Your room booking confirmation","emailMessage/Body":"<p class=\"editor-paragraph\">Your room booking has been confirmed.<br>Check your Outlook calendar for event details.</p><br>","emailMessage/Importance":"Normal"},"host":{"apiId":"/providers/Microsoft.PowerApps/apis/shared_office365","connectionName":"shared_office365","operationId":"SendEmailV2"},"authentication":"@parameters('$authentication')"}}},"outputs":{}},"connectionReferences":{"shared_sharepointonline":{"connectionName":"6d7161cc88fc4bd085f6801eec6205b8","source":"Embedded","id":"/providers/Microsoft.PowerApps/apis/shared_sharepointonline","tier":"NotSpecified","apiName":"sharepointonline","isProcessSimpleApiReferenceConversionAlreadyDone":false},"shared_office365users":{"connectionName":"3240a8d468794f0ab9da8ccf7785b924","source":"Embedded","id":"/providers/Microsoft.PowerApps/apis/shared_office365users","tier":"NotSpecified","apiName":"office365users","isProcessSimpleApiReferenceConversionAlreadyDone":false},"shared_office365":{"connectionName":"7d5da566d2694e35b9b4f92faf835dc2","source":"Embedded","id":"/providers/Microsoft.PowerApps/apis/shared_office365","tier":"NotSpecified","apiName":"office365","isProcessSimpleApiReferenceConversionAlreadyDone":false}},"flowFailureAlertSubscribed":false,"isManaged":false}}