{"schemaVersion":"1.0","appDefinitionTemplate":{"id":"/providers/Microsoft.PowerApps/apps/","type":"Microsoft.PowerApps/apps","tags":{"primaryDeviceWidth":"1229","primaryDeviceHeight":"768","supportsPortrait":"true","supportsLandscape":"true","primaryFormFactor":"Tablet","showStatusBar":"false","publisherVersion":"3.25095.13","minimumRequiredApiVersion":"2.2.0","hasComponent":"false","hasUnlockedComponent":"false","isUnifiedRootApp":"false","sienaVersion":"20251022T114929Z-3.25095.13.0"},"properties":{"appVersion":"2025-10-22T11:49:29Z","lifeCycleId":"Published","createdByClientVersion":{"major":3,"minor":25095,"build":13,"revision":0,"majorRevision":0,"minorRevision":0},"minClientVersion":{"major":3,"minor":25095,"build":13,"revision":0,"majorRevision":0,"minorRevision":0},"backgroundColor":"RGBA(0,176,240,1)","backgroundImageUri":"/10803111403404070735/Nadcfb29b-303f-48c8-bf5e-72ab348689f9-logoSmallFile","displayName":"Booking App","description":"","commitMessage":"","appUris":{"documentUri":{"value":"/10803111403404070735/Na5e5eb06-acb8-4b94-a009-310058a4422f-document.msapp"},"imageUris":[],"additionalUris":[{"isSolutionAware":false,"value":"/10803111403404070735/Nea5500ac-413b-4c77-9278-14116c538c24-identity.json"}]},"createdTime":"0001-01-01T00:00:00Z","lastModifiedTime":"0001-01-01T00:00:00Z","sharedGroupsCount":0,"sharedUsersCount":0,"connectionReferences":{"75729fc9-2b93-4e63-b983-ef6fb101c45f":{"id":"5d15f5b4-b0b7-476b-8dd4-88cba8a850eb","displayName":"SharePoint","iconUri":"https://conn-afd-prod-endpoint-bmc9bqahasf3grgk.b01.azurefd.net/v1.0.1769/1.0.1769.4352/sharepointonline/icon.png","dataSources":["Bookings List","Room List","Users List","Location List"],"dependencies":[],"dependents":[],"parameterHints":{},"parameterHintsV2":{},"isOnPremiseConnection":false,"bypassConsent":false,"dataSets":{"https://ngkfcs.sharepoint.com/teams/EmployeeInformation":{"dataSources":{"Bookings List":{"tableName":"924b1b8b-e819-4a04-8509-6db06bf66cbf"},"Room List":{"tableName":"3135b08e-f079-4521-abfa-ede0c28bfb6b"},"Users List":{"tableName":"06df10c5-3501-4246-b5e7-f6bc608f9010"},"Location List":{"tableName":"45e67476-3219-4db0-a4c6-8e93f41ff37a"}}}},"apiTier":"Standard","isCustomApiConnection":false,"actions":["providers/PowerPlatform.Governance/Operations/Read","providers/PowerPlatform.Governance/Operations/Write"]}},"databaseReferences":{},"almMode":"Solution","performanceOptimizationEnabled":true,"canConsumeAppPass":true,"enableModernRuntimeMode":false,"executionRestrictions":{"isTeamsOnly":false,"dataLossPreventionEvaluationResult":{"status":"Compliant","lastEvaluationDate":"2025-10-13T10:09:55.4861871Z","violations":[],"violationsByPolicy":[],"violationErrorMessage":"The app uses the following connectors: ."}}},"isAppComponentLibrary":false,"appType":"ClassicCanvasApp","appComponents":[]}}