<ImportExportXml xmlns:xsi="http://www.w3.org/2001/XMLSchema-instance" OrganizationVersion="9.2.25092.160" OrganizationSchemaType="Standard" CRMServerServiceabilityVersion="9.2.25093.00157">
  <Entities></Entities>
  <Roles></Roles>
  <Workflows></Workflows>
  <FieldSecurityProfiles></FieldSecurityProfiles>
  <Templates />
  <EntityMaps />
  <EntityRelationships />
  <OrganizationSettings />
  <optionsets />
  <CustomControls />
  <EntityDataProviders />
  <CanvasApps>
    <CanvasApp>
      <Name>cr49f_bookingapp_84590</Name>
      <AppVersion>2025-10-16T05:54:36Z</AppVersion>
      <Status>Ready</Status>
      <CreatedByClientVersion>3.25095.13.0</CreatedByClientVersion>
      <MinClientVersion>3.25095.13.0</MinClientVersion>
      <Tags>{"primaryDeviceWidth":"1152","primaryDeviceHeight":"768","supportsPortrait":"true","supportsLandscape":"true","primaryFormFactor":"Tablet","showStatusBar":"false","publisherVersion":"3.25095.13","minimumRequiredApiVersion":"2.2.0","hasComponent":"false","hasUnlockedComponent":"false","isUnifiedRootApp":"false","sienaVersion":"20251016T044554Z-3.25095.13.0"}</Tags>
      <IsCdsUpgraded>0</IsCdsUpgraded>
      <GalleryItemId xsi:nil="true"></GalleryItemId>
      <BackgroundColor>RGBA(0,176,240,1)</BackgroundColor>
      <DisplayName>Booking App</DisplayName>
      <Description xsi:nil="true"></Description>
      <CommitMessage xsi:nil="true"></CommitMessage>
      <Publisher xsi:nil="true"></Publisher>
      <AuthorizationReferences>[]</AuthorizationReferences>
      <ConnectionReferences>{"75729fc9-2b93-4e63-b983-ef6fb101c45f":{"id":"/providers/microsoft.powerapps/apis/shared_sharepointonline","displayName":"SharePoint","iconUri":"https://conn-afd-prod-endpoint-bmc9bqahasf3grgk.b01.azurefd.net/v1.0.1769/1.0.1769.4352/sharepointonline/icon.png","dataSources":["Bookings List","Room List","Users List","Location List"],"dependencies":[],"dependents":[],"parameterHints":{},"parameterHintsV2":{},"isOnPremiseConnection":false,"bypassConsent":false,"dataSets":{"https://ngkfcs.sharepoint.com/teams/EmployeeInformation":{"dataSources":{"Bookings List":{"tableName":"924b1b8b-e819-4a04-8509-6db06bf66cbf"},"Room List":{"tableName":"3135b08e-f079-4521-abfa-ede0c28bfb6b"},"Users List":{"tableName":"06df10c5-3501-4246-b5e7-f6bc608f9010"},"Location List":{"tableName":"45e67476-3219-4db0-a4c6-8e93f41ff37a"}}}},"apiTier":"Standard","actions":["providers/PowerPlatform.Governance/Operations/Read","providers/PowerPlatform.Governance/Operations/Write"]}}</ConnectionReferences>
      <DatabaseReferences>{}</DatabaseReferences>
      <AppComponents>[]</AppComponents>
      <AppComponentDependencies>[]</AppComponentDependencies>
      <CanConsumeAppPass>1</CanConsumeAppPass>
      <CanvasAppType>0</CanvasAppType>
      <BypassConsent>0</BypassConsent>
      <AdminControlBypassConsent>0</AdminControlBypassConsent>
      <EmbeddedApp xsi:nil="true"></EmbeddedApp>
      <IntroducedVersion>1.0</IntroducedVersion>
      <CdsDependencies>{"cdsdependencies":[]}</CdsDependencies>
      <IsCustomizable>1</IsCustomizable>
      <BackgroundImageUri>/CanvasApps/cr49f_bookingapp_84590_BackgroundImageUri</BackgroundImageUri>
      <DocumentUri>/CanvasApps/cr49f_bookingapp_84590_DocumentUri.msapp</DocumentUri>
      <AdditionalUris>
        <AdditionalUri>/CanvasApps/cr49f_bookingapp_84590_AdditionalUris0_identity.json</AdditionalUri>
      </AdditionalUris>
    </CanvasApp>
  </CanvasApps>
  <Languages>
    <Language>1033</Language>
  </Languages>
</ImportExportXml>